{"stats":{"minecraft:picked_up":{"minecraft:stick":1,"minecraft:dandelion":1,"minecraft:cherry_sapling":5,"minecraft:cherry_log":30,"minecraft:mutton":6,"minecraft:dirt":88,"minecraft:white_wool":3},"minecraft:used":{"minecraft:dirt":11},"minecraft:killed_by":{"minecraft:player":1},"minecraft:custom":{"minecraft:time_since_rest":7563,"minecraft:play_time":8505,"minecraft:sprint_one_cm":11516,"minecraft:walk_one_cm":11348,"minecraft:damage_taken":225,"minecraft:deaths":1,"minecraft:mob_kills":3,"minecraft:jump":113,"minecraft:damage_dealt":238,"minecraft:leave_game":2,"minecraft:time_since_death":7536,"minecraft:total_world_time":8505,"minecraft:fall_one_cm":4255,"minecraft:fly_one_cm":17605},"minecraft:killed":{"minecraft:sheep":3},"minecraft:mined":{"minecraft:grass":3,"minecraft:cherry_leaves":10,"minecraft:dirt":8,"minecraft:tall_grass":2,"minecraft:cherry_log":30}},"DataVersion":3465}