{"stats":{"minecraft:killed_by":{"minecraft:zombie":1},"minecraft:picked_up":{"minecraft:wheat_seeds":1,"minecraft:dandelion":1,"minecraft:dirt":42,"minecraft:cobblestone":5},"minecraft:used":{"minecraft:water_bucket":1,"minecraft:brewing_stand":3,"minecraft:sand":1,"minecraft:cobblestone":3,"minecraft:flint_and_steel":56,"minecraft:tnt":227,"minecraft:elytra":1,"minecraft:cactus":1,"minecraft:bone_meal":14},"minecraft:custom":{"minecraft:time_since_rest":29020,"minecraft:crouch_one_cm":934,"minecraft:sprint_one_cm":36175,"minecraft:play_time":37141,"minecraft:damage_taken":220,"minecraft:deaths":1,"minecraft:walk_one_cm":16529,"minecraft:sneak_time":952,"minecraft:walk_under_water_one_cm":987,"minecraft:mob_kills":2,"minecraft:drop":2,"minecraft:aviate_one_cm":95010,"minecraft:jump":291,"minecraft:interact_with_brewingstand":12,"minecraft:leave_game":14,"minecraft:walk_on_water_one_cm":242,"minecraft:time_since_death":28113,"minecraft:total_world_time":37141,"minecraft:talked_to_villager":3,"minecraft:fall_one_cm":3713,"minecraft:fly_one_cm":311377,"minecraft:player_kills":1},"minecraft:dropped":{"minecraft:dirt":42,"minecraft:dandelion":1},"minecraft:killed":{"minecraft:horse":1,"minecraft:pig":1}},"DataVersion":3465}