{"stats":{"minecraft:picked_up":{"minecraft:wheat_seeds":1,"minecraft:dandelion":1,"minecraft:dirt":42,"minecraft:cobblestone":5},"minecraft:killed_by":{"minecraft:zombie":1},"minecraft:used":{"minecraft:water_bucket":1,"minecraft:sand":1,"minecraft:cobblestone":3,"minecraft:flint_and_steel":56,"minecraft:tnt":227,"minecraft:cactus":1,"minecraft:bone_meal":14},"minecraft:custom":{"minecraft:time_since_rest":13391,"minecraft:crouch_one_cm":878,"minecraft:sprint_one_cm":33972,"minecraft:play_time":21512,"minecraft:damage_taken":220,"minecraft:deaths":1,"minecraft:walk_one_cm":15091,"minecraft:sneak_time":859,"minecraft:mob_kills":2,"minecraft:drop":1,"minecraft:jump":275,"minecraft:leave_game":11,"minecraft:time_since_death":12484,"minecraft:total_world_time":21512,"minecraft:talked_to_villager":3,"minecraft:fall_one_cm":3713,"minecraft:fly_one_cm":239095,"minecraft:player_kills":1},"minecraft:dropped":{"minecraft:dandelion":1},"minecraft:killed":{"minecraft:horse":1,"minecraft:pig":1}},"DataVersion":3465}