{"stats":{"minecraft:killed_by":{"minecraft:zombie":1},"minecraft:used":{"minecraft:water_bucket":1,"minecraft:brewing_stand":3,"minecraft:firework_rocket":10,"minecraft:sand":1,"minecraft:cobblestone":3,"supplementaries:globe_sepia":1,"minecraft:flint_and_steel":56,"minecraft:tnt":227,"chimes:amethyst_chimes":1,"minecraft:elytra":1,"supplementaries:bamboo_spikes_tipped":3,"minecraft:cactus":1,"minecraft:infested_stone_bricks":5,"minecraft:bone_meal":14},"minecraft:picked_up":{"minecraft:wheat_seeds":1,"minecraft:dandelion":1,"minecraft:dirt":42,"minecraft:cobblestone":5},"minecraft:custom":{"minecraft:time_since_rest":37285,"minecraft:crouch_one_cm":947,"minecraft:play_time":45406,"minecraft:sprint_one_cm":37130,"minecraft:damage_taken":285,"minecraft:deaths":1,"minecraft:walk_one_cm":19848,"minecraft:sneak_time":969,"minecraft:walk_under_water_one_cm":3808,"minecraft:mob_kills":2,"minecraft:drop":2,"minecraft:aviate_one_cm":239824,"minecraft:jump":295,"minecraft:interact_with_brewingstand":12,"minecraft:leave_game":17,"minecraft:time_since_death":36378,"minecraft:walk_on_water_one_cm":433,"minecraft:total_world_time":45406,"minecraft:swim_one_cm":5745,"minecraft:talked_to_villager":3,"minecraft:fall_one_cm":3713,"minecraft:fly_one_cm":338201,"minecraft:player_kills":1},"minecraft:dropped":{"minecraft:dirt":42,"minecraft:dandelion":1},"minecraft:killed":{"minecraft:horse":1,"minecraft:pig":1}},"DataVersion":3465}